...1,1997,1998,1999,2000,2001,2002,2003,2004,2005,2006,2007,2008,2009,2010,2011,2012,2013,2014,2015,2016,2017,2018
1-Jan,27.83,29.78,29.06,28.25,28.65,28.33,NA,28.39,26.78,28.3,28.22,28.27,28.81,29.74,28.78,28.95,29.27,28.57,28.91,28.94,29.22,28.59
2-Jan,27.89,29.67,29.18,28.26,28.53,28.36,NA,28.46,26.72,28.3,28.24,28.31,28.91,29.63,28.94,28.89,29.28,28.5,28.83,28.89,29.35,28.77
3-Jan,27.93,29.5,29.06,28.41,28.5,28.35,NA,28.5,26.7,28.2,28.3,28.26,28.81,29.17,28.95,28.91,29.34,28.29,28.63,28.93,29.42,28.81
4-Jan,28.03,29.24,28.98,28.64,28.52,28.39,NA,28.75,26.71,28.2,28.32,28.32,28.75,29.2,28.59,28.95,29.43,28.41,28.52,28.89,29.53,28.49
5-Jan,28.06,28.83,28.98,28.8,28.65,28.59,NA,28.74,26.78,27.8,28.22,28.33,28.65,29.21,28.53,29.15,29.38,28.61,28.4,28.94,29.74,28.14
6-Jan,28.09,28.73,29.04,28.81,28.6,28.61,NA,28.79,26.84,27.7,28.01,28.47,28.43,28.96,28.57,28.99,29.14,28.7,28.28,28.92,29.61,27.92
7-Jan,28.08,29.07,29.05,28.79,28.35,28.46,NA,28.66,26.98,28,28,28.36,28.41,28.98,28.31,28.59,28.99,28.72,28,29.01,29.6,28.04
8-Jan,28.24,28.95,28.96,28.8,28.4,28.01,NA,28.4,26.91,28.3,28.07,28.41,28.48,28.94,28.44,28.59,29.2,28.58,27.9,28.97,29.13,28.16
9-Jan,28.23,29.01,29.02,28.88,28.33,28.43,NA,28.12,26.83,28.6,28.05,28.24,28.45,28.81,28.7,28.42,29.09,28.5,27.8,28.93,29.18,28.23
10-Jan,28.21,29.09,28.76,28.89,28.26,28.36,NA,28.28,26.81,28.7,27.87,28.14,28.39,28.76,28.96,28.35,28.68,28.43,27.7,28.85,29.3,28.38
11-Jan,28.26,28.89,28.84,28.8,28.27,28.15,NA,28.3,26.92,28.9,27.87,28.19,28.41,28.75,28.95,28.36,28.06,28.59,27.67,28.78,29.13,28.17
12-Jan,28.18,28.94,28.57,28.66,28.12,28.07,NA,28.81,26.97,28.8,29.28,28.23,28.3,28.63,29.05,28.42,27.88,28.63,27.89,28.79,29.13,28.12
13-Jan,28.12,29,28.48,28.49,27.82,27.8,NA,29.08,26.94,28.7,29.28,28.32,28.16,28.58,29.04,28.66,27.84,28.55,27.59,28.68,29.07,28.09
14-Jan,28.04,28.7,28.39,28.32,27.64,27.82,NA,29.35,26.92,28.9,27.59,28.36,28.25,28.5,29.18,28.71,28.06,28.38,27.59,28.76,29.04,28.05
15-Jan,28.08,28.47,28.49,28.34,27.64,27.83,NA,29.39,26.94,28.7,26.93,28.26,28.14,28.46,29.43,28.74,27.88,28.12,27.82,28.8,28.98,27.92
16-Jan,28.18,28.65,28.79,28.35,27.37,27.81,NA,29.36,26.92,28.6,27.92,28.01,28.03,28.44,29.46,28.63,27.84,27.81,27.79,28.82,29.05,27.96
17-Jan,28.4,28.82,29.1,28.43,27.05,28.03,NA,29.36,26.95,28.5,27.92,27.9,28.03,28.5,29.32,28.54,28.95,27.85,27.66,28.95,28.88,27.97
18-Jan,28.47,28.65,29.24,28.41,26.81,28.07,NA,29.41,27.12,28.5,27.92,27.84,28.04,28.51,29.28,28.34,29.05,27.94,27.6,28.81,29.14,28.01
19-Jan,28.67,28.82,29.33,28.32,26.62,27.97,NA,29.4,27.22,28.5,27.59,27.89,28.07,28.57,29.28,28.25,28.95,28.16,27.44,28.77,29.18,28.12
20-Jan,28.72,29.02,29.26,28.28,26.61,27.85,NA,29.52,27.23,28.6,27.59,28.06,28.11,28.61,29.24,28.22,29.05,27.99,27.18,28.5,29.19,28.24
21-Jan,28.59,28.89,29.28,28.1,26.6,27.84,NA,29.56,27.25,28.6,27.59,28.13,28.27,28.53,29.44,28.28,28.95,27.88,26.74,28.36,29.11,28.29
22-Jan,28.58,28.97,29.02,27.9,26.56,27.95,NA,29.65,27.03,28.5,27.59,28.12,28.12,28.41,29.42,28.36,29.05,27.89,26.38,28.33,29.26,28.23
23-Jan,28.46,28.96,28.81,27.84,26.67,27.79,NA,29.62,27.14,28.7,27.59,28.08,28.19,28.49,29.46,28.46,29.07,27.77,26.39,28.37,29.32,28.21
24-Jan,28.42,28.93,28.9,27.99,26.71,27.76,NA,29.36,27.24,28.7,27.59,28.37,28.47,28.44,29.5,28.43,28.95,27.86,26.56,28.4,29.42,28.05
25-Jan,28.49,28.97,28.96,28.22,26.94,27.81,NA,29.32,27.29,28.6,27.59,28.41,28.45,28.53,29.32,28.37,28.8,27.98,26.69,28.37,29.47,27.99
26-Jan,28.59,29.07,29.17,28.52,26.53,27.72,NA,29.44,27.43,28.8,27.92,28.42,28.42,28.64,29.35,28.43,28.92,28.34,26.93,28.43,29.37,28.13
27-Jan,28.61,29,29.24,28.54,26.69,27.54,NA,29.27,27.38,28.9,27.92,28.51,28.45,28.55,29,28.49,29,28.4,27.17,28.5,29.28,28.1
28-Jan,28.39,28.78,29.26,28.44,26.69,27.67,NA,29.18,27.69,28.9,27.92,28.48,28.35,28.42,28.69,28.52,29.09,28.21,27.32,28.03,29.27,28.21
29-Jan,28.3,28.91,29.26,28.48,26.8,27.75,NA,29.14,27.55,29,28.26,28.58,28.67,28.35,28.69,28.36,29.1,28.18,27.56,28.28,29.4,28.28
30-Jan,28.25,28.83,29.14,28.43,26.84,27.85,NA,29.14,27.55,29,28.26,28.82,28.97,28.29,28.68,28.33,29.14,28.07,27.71,28.4,29.4,28.37
31-Jan,28.09,28.79,29.1,28.32,26.76,27.83,NA,29.06,27.52,28.8,27.92,28.73,29.05,28.3,28.75,28.19,29.01,28.16,27.84,28.41,29.45,28.54
1-Feb,28.04,28.5,29.11,28.24,26.7,27.8,NA,29.08,27.37,28.8,27.92,28.68,29.11,28.44,28.68,28.17,29.16,28.23,27.86,28.3,29.49,28.49
2-Feb,28,28.64,29.1,28.34,26.44,27.7,NA,28.85,27.3,28.8,28.26,28.62,29.1,28.59,28.57,28.35,29.22,28.53,27.75,28.31,29.58,28.44
3-Feb,27.8,28.57,29.09,28.41,26.47,27.67,NA,28.63,27.28,28.3,28.26,28.51,29.1,28.7,28.41,28.54,29.07,28.57,27.74,28.16,29.67,28.51
4-Feb,27.52,28.33,29.13,28.4,26.58,27.64,NA,28.53,27.08,28.85,27.92,28.44,29.2,28.81,28.48,28.59,29.03,28.49,27.65,28.1,29.68,28.56
5-Feb,27.4,28.25,29.13,28.32,26.78,27.7,NA,27.95,NA,28.88,28.26,28.3,29.3,28.93,28.47,28.39,28.95,28.52,27.79,28.11,29.48,28.46
6-Feb,27.27,28.29,29.03,28.3,26.84,27.71,NA,27.98,NA,27.76,27.92,28.18,29.19,28.97,28.64,28.38,28.8,28.21,27.86,28.09,29.43,28.36
7-Feb,27.05,28.36,29.01,27.97,26.97,27.66,NA,28.08,27.69,28.63,28.26,27.94,28.97,28.79,28.74,28.23,28.76,28.24,27.83,27.96,29.35,28.34
8-Feb,27.01,28.4,28.92,28.02,27.18,27.66,NA,27.83,27.49,28.7,28.26,27.86,28.88,29.18,28.94,28.21,28.7,28.3,28.05,28.02,29.15,28.3
9-Feb,27.01,28.35,28.88,28.12,27.35,27.67,NA,27.8,27.49,28.64,28.26,27.76,28.89,29.55,28.8,28.11,28.66,28.21,28.18,27.92,28.92,28.36
10-Feb,27.1,28.55,28.84,28.43,27.59,27.65,NA,27.77,27.38,28.62,28.26,27.61,28.84,29.01,28.79,28.17,28.63,27.83,28.35,27.99,28.77,28.39
11-Feb,27.03,28.45,29.06,28.05,27.89,27.58,NA,27.97,27.21,28.84,28.6,27.44,28.96,28.9,28.94,28.39,28.81,27.83,28.38,27.81,28.67,28.55
12-Feb,27.19,28.59,28.83,28.21,28.29,27.6,NA,28.14,27.03,28.94,28.6,27.29,29.24,28.98,29.09,28.41,29.02,27.66,28.76,27.9,28.76,28.77
13-Feb,27.31,28.84,28.84,28.5,28.34,27.79,NA,28.35,27.19,29.06,28.6,27.25,29.32,28.89,29.04,28.48,29,27.57,28.7,27.98,28.86,28.84
14-Feb,27.35,29.2,28.89,28.58,28.39,27.69,NA,28.36,27.44,29.18,28.6,27.34,29.29,28.78,28.91,28.43,29.04,27.55,28.81,28.06,28.82,28.61
15-Feb,27.34,29.09,29.01,28.61,28.3,27.84,NA,28.4,27.5,29.37,28.26,27.59,29.22,28.9,28.92,28.31,29.08,27.52,28.72,28.1,28.86,28.64
16-Feb,27.4,29.03,29.06,28.7,28.41,27.81,NA,28.46,27.45,29.44,27.92,28.1,29.28,29.22,28.82,28.58,28.97,27.39,28.76,28.28,28.68,28.47
17-Feb,27.29,29.03,28.66,28.59,28.44,28.45,NA,28.54,27.45,29.54,27.26,28.28,29.17,29.43,28.63,28.62,29,27.52,28.3,28.55,28.78,28.6
18-Feb,27.45,29.13,28.49,28.48,28.68,28.55,NA,28.76,27.53,29.6,27.59,28.57,29.08,29.54,28.62,28.86,29.03,27.74,28.51,28.55,28.86,28.72
19-Feb,27.48,29.03,28.2,28.42,28.66,28.71,NA,28.6,27.55,29.55,27.59,28.22,29.35,29.38,28.64,28.92,29.09,27.83,28.71,28.4,29.16,28.87
20-Feb,27.51,28.96,28.17,28.62,28.72,28.68,NA,28.51,27.57,29.4,27.92,28.31,29.36,29.34,28.63,28.87,29.12,28.1,28.64,28.24,29.13,28.92
21-Feb,27.55,28.97,28.29,28.56,28.99,28.66,NA,28.45,27.39,29.67,27.92,28.31,29.27,29.34,28.7,29.04,29.18,28.16,28.76,28.14,28.74,29.09
22-Feb,27.44,28.87,28.6,28.29,29.01,28.74,NA,28.13,27.27,29.64,27.59,28.2,29.45,29.39,28.83,28.74,29.25,28.22,28.78,28.1,28.79,29.34
23-Feb,27.45,29.04,28.77,28.81,28.57,28.67,NA,28.33,27.21,29.82,28.26,28.26,29.49,29.51,28.88,28.66,29.17,28.38,28.79,28.33,28.87,29.47
24-Feb,27.5,29.16,28.88,28.64,28.4,28.79,NA,28.42,27.26,29.6,28.26,28.37,29.39,29.75,28.86,28.44,29,28.5,28.8,28.39,29.02,29.68
25-Feb,27.58,29.1,29.11,28.7,28.44,28.91,NA,28.53,27.17,29.28,28.6,28.1,29.48,29.71,28.77,28.54,28.98,28.75,28.57,28.53,29.08,29.84
26-Feb,27.61,28.88,29.28,28.79,28.21,29.07,NA,29.05,27.19,29.33,28.94,28.28,29.51,29.64,28.81,28.42,28.91,28.72,28.56,28.6,29.21,29.99
27-Feb,27.59,29.04,29.34,28.78,28.35,28.68,NA,29.21,27.19,29.53,28.94,28.57,29.72,29.37,29.12,28.28,28.87,28.72,28.65,28.67,29.06,30.06
28-Feb,27.61,29.02,29.44,28.76,28.33,28.54,NA,29.17,27.32,29.38,28.94,28.22,29.76,29.15,29.02,28.04,28.71,28.74,28.87,28.61,29.06,30.12
29-Feb,NA,NA,NA,28.75,NA,NA,NA,29.03,NA,NA,NA,27.23,NA,NA,NA,28.18,NA,NA,NA,28.67,NA,NA
1-Mar,27.72,29.05,29.45,28.75,28.51,28.49,NA,29.03,27.34,29.47,28.94,28.31,29.76,29.08,29.03,28.18,28.81,28.63,28.99,28.83,29.29,29.81
2-Mar,27.7,29.13,29.56,29.24,28.86,28.42,NA,29.07,27.44,29.54,28.94,28.31,29.76,29.29,29.12,28.39,28.92,28.67,28.79,28.7,29.49,29.64
3-Mar,27.69,29.11,29.64,28.89,29,28.53,NA,29.15,27.52,29.23,29.28,28.2,29.83,29.48,29.01,28.63,28.91,28.63,28.7,28.76,29.73,29.44
4-Mar,27.87,29.14,29.26,28.86,29.13,28.71,NA,29.23,27.41,29.28,28.94,28.26,29.8,29.79,28.73,28.91,29.06,28.38,28.66,28.94,29.83,29.3
5-Mar,27.85,29.09,29.16,28.63,29.21,28.71,NA,29.28,27.37,29.17,27.92,28.37,29.7,29.85,28.67,28.95,28.91,28.36,29.08,29.16,29.86,29.36
6-Mar,27.74,28.91,28.97,28.6,29.05,28.58,NA,29.38,27.4,29.4,28.6,28.4,29.74,29.79,28.63,29.12,29.14,28.25,29.16,28.93,29.94,29.14
7-Mar,27.81,29.1,28.72,28.67,29.02,28.89,NA,29.37,27.36,29.5,28.26,28.2,29.68,29.85,28.84,29.14,29.28,28.53,29.17,28.83,29.99,29.27
8-Mar,27.59,28.8,28.61,28.59,29.13,29.1,NA,29.12,27.32,29.46,28.94,28.26,29.82,29.93,28.88,28.75,28.97,28.71,29.18,28.57,29.97,29.55
9-Mar,27.44,29,28.8,28.59,29.17,29.22,NA,29.05,27.11,29.49,28.94,28.37,29.77,29.87,28.98,28.88,29.1,28.79,29.08,28.69,30.14,29.57
10-Mar,27.94,29.03,29.1,28.73,29.15,29.37,NA,28.89,26.96,29.76,29.28,28.4,29.56,29.8,29.17,28.92,29.05,28.82,29.08,28.85,30.12,29.41
11-Mar,28.31,29.2,29.19,28.66,28.97,29.38,NA,28.82,26.88,29.69,28.26,28.62,29.63,29.81,29.39,29.14,29.03,28.7,28.99,29.12,30.11,29.48
12-Mar,28.43,29.43,29.02,28.72,28.53,29.38,NA,28.78,26.75,29.49,29.28,28.64,29.62,30.03,29.19,29.2,29.27,28.66,29.21,29.42,29.85,29.19
13-Mar,28.52,29.52,29.04,28.79,28.18,29.36,NA,28.62,26.82,29.49,28.94,28.88,29.42,29.98,29.21,28.94,29.42,28.82,29.19,29.41,29.92,29.17
14-Mar,28.79,29.34,29.34,29.02,28.15,29.37,NA,28.59,27.12,29.16,28.94,29.02,29.29,29.85,29.29,29.15,29.55,28.75,29.07,29.58,29.82,29.18
15-Mar,28.99,29.35,29.43,29.3,28.39,29.63,NA,28.65,27.2,29.04,29.28,29.12,29.34,29.89,29.42,29.14,29.59,28.72,29.3,29.79,30.03,29.22
16-Mar,29.1,29.4,29.57,29.32,28.6,29.79,NA,28.73,27.53,29.08,29.28,29.09,29.47,29.98,29.33,29.33,29.66,28.73,29.16,29.95,29.8,29.24
17-Mar,29.14,29.79,29.4,29.24,28.92,29.77,NA,28.76,27.16,29.05,29.28,29.15,29.76,30.02,29.23,29.44,29.63,29.11,29.11,29.92,29.4,29.32
18-Mar,28.98,30.18,29.62,29.16,29.09,29.62,NA,28.35,27.16,28.95,28.94,28.76,29.79,30.1,29.29,29.51,29.72,29.2,29.09,29.81,29.43,29.09
19-Mar,29.23,30.14,29.7,29.04,29.02,29.38,NA,27.94,27.28,29.07,28.6,28.84,29.7,30.13,29.26,29.63,29.53,29.27,28.91,30.13,29.59,29.18
20-Mar,29.17,29.7,29.55,29.04,28.97,29.29,NA,28.12,27.36,29.1,28.6,28.63,29.49,29.96,29.32,29.67,29.69,29.35,28.58,30.19,29.96,29.25
21-Mar,29.07,29.78,29.51,28.92,29.05,29.17,NA,28.18,27.36,29.21,28.6,28.51,29.57,29.94,29.49,29.86,29.71,29.51,28.19,30.11,29.6,29.44
22-Mar,29.24,29.87,29.4,29.02,28.9,29.12,NA,28.4,27.34,29.4,28.26,28.67,29.59,30.14,29.67,29.67,29.7,29.6,27.93,30.03,29.44,29.72
23-Mar,28.61,29.97,29.38,29.11,28.88,29.15,NA,28.43,27.25,29.7,28.6,28.67,29.63,30.1,29.58,29.69,29.41,29.7,28.18,29.75,29.41,29.91
24-Mar,28.3,30.12,29.51,28.89,28.67,29.12,NA,28.59,27.21,29.29,28.6,28.57,29.61,29.81,29.7,29.5,29.44,29.35,28.21,29.97,29.71,30.13
25-Mar,28.25,30.21,29.67,28.88,28.55,29.17,NA,28.48,27.34,29.33,28.6,28.5,29.47,29.73,29.66,29.71,29.38,29.47,28.21,30.07,29.53,30.09
26-Mar,28.06,30.13,29.47,28.84,28.71,29.2,NA,28.73,27.29,29.33,29.28,28.63,29.41,29.61,29.59,29.68,29.38,29.21,28.37,30.01,29.65,30
27-Mar,27.9,30.1,29.53,28.83,28.79,29.18,NA,28.85,27.36,29.39,29.28,28.52,29.1,29.58,29.63,29.78,29.2,29.28,28.48,30.21,29.6,29.9
28-Mar,28.16,30.15,29.49,28.85,28.78,29.26,NA,28.71,27.54,29.37,29.28,28.51,29.25,29.31,29.85,29.97,29.32,28.94,28.58,30.29,29.68,29.95
29-Mar,28.14,30.19,29.38,28.81,28.57,29.33,NA,28.88,27.41,29.4,28.94,28.46,29.21,29.23,29.84,30.12,29.36,28.89,28.6,30.38,29.72,29.84
30-Mar,28.28,30.29,29.24,28.63,28.4,29.27,NA,28.8,27.55,29.48,28.94,28.62,28.93,29.34,29.8,30.2,29.35,29.04,28.65,30.41,29.84,29.67
31-Mar,28.42,30.52,28.98,28.59,28.44,29.1,NA,28.83,27.77,29.47,28.94,28.56,29.14,29.26,29.7,30.22,29.37,28.9,28.77,30.34,29.9,29.52
1-Apr,28.56,30.61,28.63,28.56,28.52,28.94,NA,28.92,27.74,29.5,28.26,28.63,29.32,29.12,29.66,30.24,29.38,29.11,28.93,30.33,29.93,29.4
2-Apr,28.67,30.49,28.34,28.53,28.5,28.76,NA,28.91,27.91,29.28,28.26,28.59,29.49,29.17,29.69,30.29,29.47,28.24,29.07,30.1,29.99,29.15
3-Apr,28.71,30.39,28.47,28.53,28.5,28.51,NA,28.77,27.75,29.06,28.6,28.45,29.68,29.18,29.67,30.38,29.66,29.21,29.1,30.08,29.59,28.97
4-Apr,28.75,30.54,28.7,28.44,28.49,28.54,NA,28.67,27.35,28.89,28.6,28.34,29.51,29.24,29.68,30.15,29.52,29.41,28.89,29.73,29.49,29.09
5-Apr,28.65,30.6,NA,28.43,28.42,28.39,NA,28.51,27.41,28.75,28.6,28.21,29.55,29.17,29.49,29.87,29.71,29.41,28.79,29.58,29.39,29.12
6-Apr,28.75,30.57,NA,28.59,28.46,28.39,NA,28.3,27.43,28.57,28.6,28.01,29.6,29.21,29.58,29.7,29.7,29.51,28.74,29.62,29.36,29.21
7-Apr,28.38,30.64,29,28.57,28.65,28.46,NA,28.57,27.23,28.57,28.94,28,29.5,29.15,29.46,29.77,29.68,29.54,28.72,30.52,29.39,28.91
8-Apr,28.19,30.62,28.88,28.5,28.49,28.51,NA,28.54,27.31,28.75,28.94,28.21,29.29,29.05,29.32,29.61,29.72,29.36,28.86,30.32,29.27,28.76
9-Apr,28.21,30.68,28.83,28.64,28.85,28.52,NA,28.49,27.17,28.59,28.94,28.26,29.23,28.73,29.37,29.34,29.71,29.22,28.84,30.3,29.24,28.78
10-Apr,27.98,30.33,28.95,28.56,28.82,28.38,NA,28.63,27.01,28.64,28.94,28.17,29.33,28.97,29.38,29.5,29.74,28.96,28.83,30.05,29.19,28.95
11-Apr,27.87,30.39,28.96,28.25,28.74,28.28,NA,28.68,27.17,28.77,27.59,28.2,29.25,29.19,29.39,29.52,29.7,28.48,28.71,30.11,29.15,29.06
12-Apr,28.18,30.24,29.04,28,28.78,28.24,NA,28.4,27.37,28.81,28.6,28.27,29.25,29.28,29.44,29.1,29.72,28.18,28.87,29.67,29.07,28.98
13-Apr,28.25,30.27,29.05,28.15,28.86,27.95,NA,28.55,27.43,28.83,28.8,28.22,29.13,29.37,29.05,29.33,29.71,28.16,28.91,29.77,28.99,28.63
14-Apr,28.34,30.5,28.95,28.21,28.82,28.03,NA,28.68,27.33,28.71,28.94,28.37,29.04,28.87,29.17,29.38,29.65,28.11,28.98,29.67,28.76,28.47
15-Apr,28.3,30.62,28.94,27.92,28.67,28.28,NA,28.6,26.96,28.62,28.6,28.54,28.77,28.99,29.18,29.08,29.65,28.24,29.01,29.32,28.81,28.02
16-Apr,28.18,30.58,28.96,27.95,28.66,28.5,NA,28.63,26.88,28.47,28.6,28.44,28.66,29.11,29.14,28.95,29.44,28.22,28.93,29.23,29.09,27.94
17-Apr,28.14,30.45,29.04,28.04,28.75,28.4,NA,28.5,27.14,28.57,28.6,28.36,28.66,29.07,29.06,28.86,28.69,28.15,29,29.24,29.15,27.74
18-Apr,28.13,30.41,29.05,28.06,28.75,28.42,NA,28.6,27.32,28.4,28.6,28.05,28.85,29.11,29.07,28.76,28.73,28.48,29.11,29.41,29.23,27.78
19-Apr,28.2,30.11,29.08,28.25,28.7,28.28,NA,28.56,27.31,28.31,28.26,28.2,28.75,28.86,29.14,28.73,29.1,28.38,29.21,29.43,29.11,28.05
20-Apr,28.26,29.89,29.01,28.25,28.67,28.19,NA,28.56,27.29,28.21,28.26,28.27,28.79,29,28.97,28.76,29.29,28.62,29.26,29.63,29.1,28.03
21-Apr,28.27,29.8,28.76,28.22,28.67,28.27,NA,28.6,27.3,28.37,28.26,28.22,29,29.03,28.78,28.76,29.14,28.43,29.21,29.59,28.94,28.1
22-Apr,28.33,30,28.72,28.09,28.61,28.22,NA,28.69,27.27,28.32,28.6,28.37,29.04,29.05,28.78,28.77,29.14,28.18,29.06,29.49,28.7,28.17
23-Apr,28.38,30.26,28.87,27.95,28.52,28.38,NA,NA,27.11,28.38,28.6,28.54,28.97,29.21,28.87,28.75,29.09,28.23,28.86,29.51,28.74,28.32
24-Apr,28.45,30.05,28.72,28.12,28.74,28.57,NA,NA,27.14,28.3,28.6,28.44,28.85,29.26,28.96,28.92,29.01,28.34,29.04,29.52,28.59,28.28
25-Apr,28.57,29.95,28.7,28.26,28.66,28.54,NA,28.69,27.16,28.2,28.6,28.38,28.55,29.3,28.85,29.1,28.96,28.49,28.65,29.49,28.47,28.25
26-Apr,28.69,30.16,28.69,28.29,28.43,28.62,NA,28.52,27.29,28.18,28.6,28.4,28.41,29.12,28.96,28.82,28.9,28.51,28.31,29.28,28.42,28.26
27-Apr,28.61,30.08,28.47,28.16,28.21,28.74,NA,28.46,27.17,28.16,28.6,28.36,28.39,28.84,28.93,28.78,28.95,28.48,28.45,29.02,28.32,28.4
28-Apr,28.44,30.1,28.07,27.92,28.08,28.81,NA,28.56,NA,28.01,28.6,28.17,28.61,28.55,28.98,28.68,28.9,28.47,28.57,28.99,28.12,28.35
29-Apr,28.11,30.16,27.8,27.8,28.1,28.8,28.98,28.44,NA,28.02,28.6,28.11,28.78,28.42,28.97,28.57,28.65,28.47,28.5,29.16,28.06,28.33
30-Apr,27.82,29.97,27.81,27.88,28.26,28.78,28.69,28.46,NA,28.09,28.94,28.12,28.82,28.57,29.1,28.59,28.38,28.27,28.7,29.2,28.1,28.37
1-May,27.62,29.69,27.83,27.71,28.26,28.8,28.76,28.16,NA,27.95,28.6,28.07,28.83,28.56,29.17,28.41,28.21,27.98,28.54,29.25,28.02,28.31
2-May,27.49,29.73,27.65,27.35,28.29,28.72,28.73,28.16,NA,28.16,28.26,NA,28.82,28.45,29.08,28.26,28.07,27.77,28.62,29.52,27.99,28.35
3-May,27.57,30.05,27.81,27.38,28.38,28.74,28.64,28.07,NA,28.24,28.26,NA,28.62,28.36,28.91,28.22,27.93,27.82,28.43,29.64,27.89,28.3
4-May,27.75,29.38,27.93,27.62,28.42,28.63,28.57,27.94,NA,28.39,28.6,NA,28.44,28.39,28.86,28.07,27.68,27.61,28.2,29.57,27.79,28.14
5-May,27.63,29.45,28.01,27.79,28.47,28.7,28.48,27.88,NA,28.35,28.26,NA,28.13,28.4,28.71,28.01,27.82,27.6,28.48,29.38,27.89,28.32
6-May,27.55,29.98,28.12,27.75,28.71,28.67,28.39,27.8,NA,28.44,28.6,NA,28.05,28.03,28.75,28.21,27.94,27.83,28.36,29.08,27.98,28.44
7-May,27.53,30.12,28.09,27.71,28.64,28.74,28.42,27.67,NA,28.33,28.94,28.1,27.94,28.31,28.74,28.19,27.88,27.7,27.96,29.03,27.94,28.59
8-May,27.59,29.87,27.84,27.67,28.55,28.73,28.3,27.7,NA,28.4,28.94,28.23,27.91,28.44,28.66,28.24,27.89,27.69,27.81,28.97,27.62,28.41
9-May,27.59,29.95,27.89,27.56,28.54,28.82,28.37,27.85,NA,28.09,28.94,28.26,27.77,28.39,28.59,28.34,27.95,27.7,27.72,28.76,27.5,28.32
10-May,27.78,30.01,27.8,27.2,28.45,28.67,28.34,27.83,NA,27.91,28.94,28.18,27.78,28.39,28.4,28.35,27.88,27.84,27.57,28.43,27.32,28.46
11-May,27.82,30.08,27.61,27.45,28.28,28.42,28.34,27.92,NA,27.74,28.94,28.17,27.75,28.34,28.32,28.3,28.02,27.87,27.35,28.37,27.34,28.43
12-May,27.76,30.11,27.31,27.51,28.03,28.2,28.31,27.93,NA,27.68,28.6,28.34,27.86,28.41,28.26,28.18,28.12,27.71,27.46,28.53,27.56,28.21
13-May,NA,30.19,27.12,27.38,28.15,28.07,28.21,27.95,NA,27.49,28.6,28.36,27.83,28.5,28.35,27.68,28.13,27.72,27.28,28.62,27.65,28.15
14-May,NA,30.11,27.06,27.51,28.16,28.08,28.2,28,NA,27.37,28.26,28.37,27.7,28.53,28.39,27.47,27.77,27.86,27.26,28.8,27.69,28.04
15-May,NA,29.32604167,27.29,27.51,28.18,28.12,28.19,27.97,NA,27.51,28.6,28.33,27.67,28.4,28.22,27.52,27.61,27.87,27.39,28.85,27.79,27.95
16-May,NA,29.0475,27.47,27.41,28.13,28.16,28.23,28,NA,27.57,28.26,28.16,27.6,28.48,28.16,27.44,27.73,27.83,27.47,28.92,27.79,27.96
17-May,NA,28.74166667,27.54,27.33,28.1,28.02,28.25,28.02,NA,27.52,27.59,27.76,27.63,28.43,28.13,27.41,27.88,27.88,27.44,28.95,28.01,28.02
18-May,NA,28.50125,27.56,27.34,28.07,27.95,28.06,27.98,NA,27.29,27.92,27.51,27.71,28.51,28.23,27.29,28.03,27.88,27.53,28.75,28.11,27.99
19-May,NA,28.4225,27.51,NA,27.75,27.87,27.82,27.9,NA,27.51,27.92,27.24,27.75,28.45,28.23,27.33,27.99,27.74,27.63,28.64,28.03,28.13
20-May,27.74,28.43,27.53,NA,27.72,27.76,27.88,27.85,NA,27.69,27.92,27.47,27.75,28.42,28.28,27.33,27.95,27.66,27.7,28.47,27.56,28.16
21-May,27.53,28.4,27.59,NA,27.76,27.61,27.55,27.79,NA,27.93,27.92,27.48,27.53,28.51,28.3,27.4,27.95,27.37,27.79,28.34,27.51,28.15
22-May,27.62,28.4,27.67,NA,27.87,27.66,27.3,27.71,NA,27.72,28.26,27.52,27.49,28.31,28.29,27.44,27.79,27.22,27.64,28.22,27.53,27.96
23-May,27.46,28.4525,27.59,NA,27.95,27.72,27.19,27.6,NA,27.62,28.6,27.67,27.48,28.28,27.99,27.67,27.79,27.35,27.66,28.05,27.61,28.05
24-May,27.32,28.445,27.53,NA,27.87,27.31,27.14,27.45,NA,27.53,28.6,27.57,27.5,28.11,27.78,27.57,27.83,27.33,27.73,28.04,27.65,28.02
25-May,27.31,28.4825,27.44,NA,27.88,26.98,27.12,27.5,NA,27.52,28.6,27.51,27.59,28.16,27.87,27.49,27.85,27.18,27.72,27.91,27.67,27.93
26-May,27.38,28.43,27.33,NA,27.79,27.01,27.19,27.37,NA,27.6,28.26,27.46,27.65,28.08,27.82,27.55,27.85,27.26,27.66,27.93,27.59,27.95
27-May,27.53,28.43,27.36,NA,27.84,26.97,27.29,27.49,NA,27.54,28.26,27.57,27.64,27.92,27.83,27.65,27.79,27.31,27.61,27.9,27.47,28.03
28-May,27.59,28.29125,27.35,NA,27.78,27.08,27.39,27.25,NA,27.61,28.26,27.54,27.64,27.68,27.99,27.65,27.66,27.25,27.52,27.72,27.77,28.08
29-May,27.55,28.22375,27.44,NA,27.71,27.12,27.36,27.17,NA,27.65,27.92,27.48,27.54,27.78,27.93,27.72,27.8,27.22,27.3,27.67,27.86,28.07
30-May,27.5,28.133125,27.39,NA,27.59,27.05,27.41,27.2,NA,27.65,27.59,27.31,27.59,27.86,28.02,27.59,27.86,27.21,27.23,27.73,27.69,27.95
31-May,27.19,27.95791667,27.41,NA,27.33,27.07,27.34,27.04,NA,27.64,27.59,27.37,27.68,27.91,27.97,27.63,27.9,27.3,27.22,27.77,27.46,27.95
1-Jun,26.91,27.8975,27.39,NA,27.38,27.03,27.25,26.89,27.7,27.5,27.92,27.47,27.72,27.94,28.03,27.46,27.66,27.38,27.29,27.85,27.35,27.9
2-Jun,26.86,27.84791667,27.24,NA,27.46,27.01,27.26,26.91,27.5,27.43,27.92,27.43,27.74,27.93,28.06,27.39,27.33,27.35,27.39,27.74,27.46,28.01
3-Jun,26.86,27.96125,26.93,NA,27.39,26.83,27.26,26.81,27.5,27.44,27.59,27.4,27.74,27.83,28.06,27.35,27.04,27.37,27.45,27.68,27.46,28
4-Jun,26.77,27.95979167,26.82,NA,27.19,26.54,27.46,26.63,27.4,27.49,27.59,27.38,27.58,27.81,28.18,27.33,26.93,27.35,27.47,27.64,27.43,27.89
5-Jun,26.5,28.016875,26.5,NA,27.16,26.33,27.57,26.62,27.4,27.49,27.59,27.36,27.74,27.79,28.11,27.11,26.77,27.42,27.61,27.54,27.34,27.8
6-Jun,26.73,28.04375,26.66,NA,27.15,26.35,27.61,26.59,27.4,27.29,27.59,27.06,27.72,27.74,28.19,27.03,26.58,27.25,27.7,27.45,27.32,27.63
7-Jun,26.85,27.916875,26.85,NA,27.24,26.37,27.54,26.7,27.4,27.3,27.59,27.09,27.72,27.66,28.12,26.93,26.67,27.22,27.6,27.34,27.42,27.5
8-Jun,26.68,27.88416667,26.85,NA,27.24,26.3,27.44,26.78,27.4,27.2,27.59,27.07,27.69,27.64,28.02,26.96,26.76,27.04,27.51,27.32,27.47,27.5
9-Jun,26.78,27.88541667,26.79,NA,27.21,26.41,27.4,26.73,27.4,27.15,27.59,26.95,27.26,27.58,28.03,26.97,26.93,27,27.45,27.29,27.48,27.4
10-Jun,26.96,27.83645833,26.73,NA,27.14,26.26,27.27,26.76,27.4,27.26,27.59,26.88,27.12,27.44,27.88,26.98,26.86,26.9,27.28,27.24,27.58,27.27
11-Jun,26.84,27.57875,26.64,NA,27.03,26.32,27.31,26.5,27.4,27.22,27.59,26.79,27.11,27.41,28,27.16,26.96,26.98,27.16,27.19,27.5,27.27
12-Jun,26.8,27.37625,26.64,NA,26.85,26.29,27.14,26.4,27.2,27.1,27.26,26.71,27.04,27.39,27.9,27.29,26.99,26.86,27.1,27.11,27.55,27.27
13-Jun,26.74,27.21229167,26.57,NA,26.7,26.26,27.04,26.42,27.1,27.16,27.26,26.58,27.19,27.38,27.81,27.04,27.02,26.59,27,26.98,27.61,27.3
14-Jun,26.85,27.109375,26.67,NA,26.48,26.27,27.08,26.39,27.2,27.34,26.59,26.67,27.03,27.5,27.71,26.89,27.06,26.62,26.86,27.05,27.62,27.41
15-Jun,26.83,27.05958333,26.72,NA,26.71,26.2,27.1,26.31,27.1,27.5,27.26,26.78,27.06,27.54,27.65,26.86,26.69,26.79,26.73,26.96,27.47,27.42
16-Jun,26.9,26.9475,26.65,NA,26.53,26.12,27.23,26.19,27.2,27.41,26.93,26.75,26.94,27.55,27.54,26.84,26.54,26.9,26.62,26.89,NA,27.48
17-Jun,26.82,26.91375,26.82,NA,26.21,26.08,27.15,26.06,27.1,27.16,26.59,26.72,26.92,27.6,27.55,26.9,26.32,26.91,26.61,26.96,NA,27.59
18-Jun,26.82,26.98125,26.87,NA,26.35,25.95,27.03,26.16,27.1,27.07,26.59,26.53,26.97,27.19,27.56,26.87,26.25,26.92,26.6,27.05,NA,27.54
19-Jun,26.84,26.95125,26.94,NA,26.34,25.89,27.06,26.25,27.3,26.94,26.27,26.36,27.07,27.01,27.62,26.86,26.31,26.88,26.6,27.11,27.5,27.54
20-Jun,26.81,26.903125,26.96,NA,26.22,25.9,27.07,26.21,27.3,26.86,26.59,26.38,26.98,26.86,27.49,26.88,26.46,26.93,26.72,27.14,27.42,27.57
21-Jun,26.79,26.89270833,27.03,NA,26.28,25.89,27.07,25.93,27.2,26.92,26.59,26.25,26.92,26.93,27.51,26.94,26.55,26.81,26.94,27.1,27.31,27.72
22-Jun,26.54,26.84895833,26.94,NA,26.51,25.74,26.73,25.8,27.1,26.9,26.59,26.24,26.97,27.08,27.44,26.92,26.54,26.71,26.81,27.03,27.28,27.56
23-Jun,26.52,26.82333333,26.97,NA,26.43,25.43,26.6,25.5,27.1,26.97,26.27,26.2,26.99,27.04,27.38,26.85,26.42,26.47,26.79,27.06,27.41,27.29
24-Jun,26.6,26.784375,26.7,NA,26.37,25.3,26.88,25.51,27,27.01,26.27,26.26,27,27.13,27.49,26.8,26.4,26.43,26.99,26.87,27.36,27.03
25-Jun,26.57,26.81729167,26.73,NA,26.34,25.35,26.85,25.71,26.9,26.95,26.27,26.18,27.1,27.03,27.3,26.82,26.44,26.47,26.99,26.81,27.24,26.98
26-Jun,26.55,26.84541667,26.68,NA,26.31,25.31,26.77,25.77,26.9,26.86,26.27,26.22,27.23,26.82,27.27,26.8,26.42,26.37,27.09,26.77,27.32,26.91
27-Jun,26.67,26.86604167,26.68,NA,26.36,25.34,26.84,25.54,26.9,26.7,26.27,26.19,27.27,26.93,27.03,26.99,26.44,26.47,27.03,26.68,27.34,26.91
28-Jun,26.66,26.67208333,26.59,NA,26.37,25.38,26.68,25.51,26.9,26.66,26.59,26.1,27.06,26.93,27.11,27,26.49,26.45,27.01,26.73,27.33,26.88
29-Jun,26.55,26.58625,25.64,NA,26.28,25.52,26.64,25.47,26.8,26.58,26.27,26.12,26.88,27.04,27.16,26.95,26.51,26.56,26.97,26.68,27.31,26.63
30-Jun,26.54,26.50354167,26.31,NA,26.2,25.44,26.78,25.52,26.5,26.64,26.27,26.17,26.72,26.71,27.11,26.84,26.48,26.58,26.93,26.77,27.38,26.81
1-Jul,26.55,26.48229167,NA,NA,26.22,25.43,26.78,25.36,26.3,26.43,26.59,26.17,26.45,26.73,27.08,26.77,26.52,26.59,26.95,26.74,27.31,26.75
2-Jul,26.32,26.48145833,NA,NA,26.25,25.4,26.83,25.37,26.3,26.58,25.62,26.06,26.35,26.55,27.14,26.58,26.58,26.64,26.88,26.48,27.26,26.57
3-Jul,26.3,26.52104167,NA,NA,26.26,25.39,26.76,25.38,26.2,26.67,26.27,26.13,26.47,26.45,27.14,26.54,26.57,26.68,26.82,26.34,27.19,26.49
4-Jul,26.3,26.526875,NA,NA,26.31,25.39,26.73,25.42,26.3,26.71,25.94,26.2,26.28,26.37,27.19,26.48,26.62,26.76,26.76,26.25,27.06,26.52
5-Jul,26.37,26.49125,NA,NA,26.32,25.35,26.63,25.35,26.3,26.61,25.62,26.31,26.26,26.46,27.17,26.47,26.62,26.69,26.84,26.18,27.09,26.52
6-Jul,26.09,26.455625,NA,NA,26.26,25.31,26.4,25.51,26.2,26.59,25.94,26.3,26.02,26.45,27.08,26.44,26.45,26.73,26.86,26.2,27.15,26.45
7-Jul,25.87,26.318125,NA,NA,26.12,25.26,26.13,25.48,26,26.59,25.94,26.38,25.98,26.23,26.87,26.42,26.32,26.44,26.98,26.19,27.17,26.53
8-Jul,25.75,26.27375,NA,NA,26.01,25.39,25.95,25.31,26.1,26.59,25.94,26.4,26.01,26.31,26.62,26.23,25.9,26.5,26.88,26.24,27.05,26.67
9-Jul,25.73,26.31333333,NA,NA,25.95,25.44,25.84,25.3,26.1,26.57,25.44,26.34,26.04,26.26,26.52,26.17,25.8,26.43,26.54,26.26,26.88,26.75
10-Jul,25.74,26.445,NA,NA,26.08,25.57,25.78,25.13,26.1,26.42,25.53,26.29,25.92,26.28,26.46,26.16,25.7,26.13,26.51,26.18,26.68,26.69
11-Jul,25.75,26.52145833,NA,NA,25.86,25.64,25.79,25.14,26.2,26.36,25.99,26.36,26.08,26.29,26.46,26.09,25.7,25.81,26.44,26.07,26.62,26.44
12-Jul,25.63,26.55729167,NA,NA,25.76,25.63,25.65,25.26,26.2,26.37,26.03,26.37,26.17,26.3,26.32,25.97,25.8,25.8,26.45,26.01,26.58,NA
13-Jul,25.57,26.455,NA,NA,25.59,25.46,25.69,25.19,26,26.36,26.34,26.29,26.44,26.32,26.36,26.05,25.82,25.8,26.31,26.02,26.54,NA
14-Jul,25.55,26.39875,NA,NA,25.4,25.46,25.85,25.18,25.8,26.45,26.35,26.1,26.47,26.33,26.37,26,25.8,25.94,26.39,26,26.53,NA
15-Jul,25.57,26.39895833,NA,NA,25.43,25.5,25.79,25.32,25.7,26.52,26.39,25.74,26.54,26.3,26.35,26.05,25.87,25.89,26.31,25.62,26.52,NA
16-Jul,25.59,26.35583333,NA,NA,25.42,25.46,25.65,25.16,25.8,26.56,26.3,25.51,26.52,26.4,26.43,26.11,25.82,25.87,26.25,25.43,26.72,NA
17-Jul,25.52,26.31375,NA,NA,25.61,25.52,25.57,24.99,25.8,26.41,26.32,25.51,26.5,26.53,26.58,26.17,25.78,25.9,26.27,25.53,26.84,NA
18-Jul,25.59,26.29958333,NA,NA,25.7,25.61,25.84,25.07,25.7,26.15,26.24,25.54,26.15,26.09,26.55,26.16,25.82,26.03,26.28,25.69,26.94,NA
19-Jul,25.64,26.31125,NA,NA,25.68,25.56,26,24.88,25.7,26.02,26.35,25.71,26.1,26.03,26.54,25.93,25.79,26.12,26.37,25.8,26.94,NA
20-Jul,25.66,26.2925,NA,NA,25.66,25.65,25.89,25,25.9,26.1,26.35,25.76,25.82,26.04,26.4,25.88,25.78,26.21,26.36,25.8,26.87,NA
21-Jul,25.62,26.203125,NA,NA,25.64,25.31,26.05,25.1,25.9,26.09,26.31,25.82,25.88,25.94,26.5,25.77,25.59,26.36,26.39,25.71,26.81,NA
22-Jul,25.64,26.18104167,NA,NA,25.74,25.03,25.99,25.09,26,26.04,26.17,25.75,25.88,25.84,26.57,25.8,25.57,26.31,26.49,25.78,26.76,NA
23-Jul,25.71,26.11958333,NA,NA,25.75,24.98,25.95,25.15,26,26.05,26.06,25.65,26.01,25.78,26.46,25.76,25.5,26.17,26.46,25.93,26.68,NA
24-Jul,25.71,26.09833333,NA,NA,25.8,24.92,25.88,25.13,26,26.03,25.88,25.66,26.04,25.7,26.38,25.64,25.56,26.03,26.33,25.9,26.69,NA
25-Jul,25.71,26.0025,NA,NA,25.72,25.04,25.81,25.22,26,26.03,25.79,25.28,26.11,25.66,26.4,25.87,25.57,26.1,26.29,26.03,26.68,NA
26-Jul,25.56,26.04854167,NA,NA,25.59,25.12,25.77,25.27,26.1,26.08,25.81,25.61,26.03,25.71,26.22,25.88,25.65,26.08,26.26,26.3,26.66,NA
27-Jul,25.6,25.9275,NA,NA,25.42,25.01,25.54,25.38,26,26.14,25.86,25.67,25.7,25.68,26.05,25.89,25.7,26.14,26.18,26.46,26.35,NA
28-Jul,25.63,25.93458333,NA,NA,25.36,25.07,25.52,25.32,25.8,25.89,25.92,25.74,25.71,25.8,25.91,25.85,25.75,26.23,26.19,26.36,26.33,NA
29-Jul,25.54,25.89375,NA,NA,25.3,25.17,25.5,25.27,25.6,NA,25.93,25.81,25.83,25.8,25.77,25.79,25.88,26.18,26.03,26.48,26.29,NA
30-Jul,25.62,25.935,NA,NA,25.19,25.26,25.67,25.18,NA,26.39,25.97,25.77,25.85,25.78,25.76,25.79,25.86,25.84,26.13,26.33,26.37,NA
31-Jul,25.68,25.993125,NA,NA,25.1,25.09,25.38,25.2,NA,26.31,26.11,25.72,26.05,25.7,25.9,25.84,25.63,25.77,26.19,26.26,26.37,NA
1-Aug,25.67,26.0525,NA,NA,25,25.07,25.36,25.3,NA,26.37,25.95,25.63,26.04,25.47,25.94,25.79,25.53,25.81,26.25,26.28,26.32,NA
2-Aug,25.66,26.00458333,NA,NA,24.89,25.1,25.26,25.3,NA,26.27,25.74,25.47,26.02,25.48,25.86,25.86,25.28,25.69,26.13,26.35,26.32,NA
3-Aug,25.72,26.0125,NA,NA,25.02,25.09,25.13,25.38,NA,26.42,25.82,25.42,26.08,25.37,25.11,26.01,25.31,25.61,26,26.36,26.19,NA
4-Aug,25.84,26.01,NA,NA,25.16,25.05,25.03,25.5,NA,26.43,25.87,25.47,26.09,25.59,26.06,26.16,25.44,25.63,26.12,26.37,26.16,NA
5-Aug,25.87,26.084375,NA,NA,25.17,25.08,24.92,25.36,NA,26.34,25.97,25.51,26.1,25.45,26,26.18,25.36,25.76,26.16,26.37,26.11,NA
6-Aug,26,25.8475,NA,NA,25.13,25,24.87,25.44,NA,26.17,25.86,25.58,26.09,25.59,26.16,26.2,25.4,25.61,26.26,26.38,26.1,NA
7-Aug,26.04,25.65520833,NA,NA,25.07,24.9,24.98,25.01,NA,25.94,25.78,25.58,26,25.62,26.32,26.23,25.42,25.82,26.12,26.38,26.1,NA
8-Aug,26.01,25.97854167,NA,NA,25.06,24.83,25.12,24.89,NA,25.93,25.72,25.58,25.94,25.57,26.34,26.29,25.49,25.91,26,26.4,26.16,NA
9-Aug,26.02,25.89,NA,NA,25.14,24.82,25.08,24.89,NA,26.03,25.67,25.69,25.84,25.61,26.18,26.21,25.53,26.12,26.04,26.48,26.22,NA
10-Aug,25.95,26.15962963,NA,NA,25.17,24.71,25.14,24.83,NA,26.08,25.66,25.67,25.82,25.67,26.12,26.41,25.5,26.3,26.02,26.56,26.35,NA
11-Aug,25.99,NA,NA,NA,25.28,24.87,25.25,NA,NA,26.13,25.61,25.5,25.78,25.66,26.12,26.43,25.6,25.85,26.06,26.52,26.36,NA
12-Aug,26,NA,NA,NA,25.28,25.02,25.41,NA,NA,26.26,25.76,25.44,25.89,25.31,26.04,26.54,25.64,25.83,26.12,26.41,26.38,NA
13-Aug,26.09,NA,NA,NA,25.23,24.88,25.5,NA,NA,26.31,25.82,25.45,26.19,25.37,26.05,26.47,25.66,25.95,26.12,26.24,26.39,NA
14-Aug,25.9,NA,NA,NA,24.92,24.94,25.44,NA,NA,26.3,25.91,25.66,26.13,25.42,26.05,26.32,25.63,26,26.09,26.13,26.33,NA
15-Aug,25.78,NA,NA,NA,24.95,25.05,25.56,NA,NA,26.22,25.93,25.51,26.16,25.37,26.11,26.41,25.65,26.05,26.15,26.07,26.31,NA
16-Aug,25.79,NA,NA,NA,25.12,25.13,25.49,NA,NA,26.29,25.95,25.63,25.95,25.38,26.16,26.42,25.61,26.12,26.24,26.13,26.25,NA
17-Aug,25.7,NA,NA,NA,25.13,25,25.39,NA,NA,26.4,25.92,25.75,25.68,25.43,26.17,26.38,25.64,26.22,26.29,26.3,26.14,NA
18-Aug,25.75,NA,NA,NA,25.14,25,25.47,NA,NA,26.29,26.16,25.75,25.61,25.38,26.14,26.37,25.72,26.2,26.29,26.33,26.11,NA
19-Aug,25.77,NA,NA,NA,25.17,24.92,25.49,NA,NA,26.18,25.92,25.81,25.64,25.4,26.1,26.41,25.76,26.12,26.27,26.3,26.22,NA
20-Aug,25.92,NA,NA,NA,25.26,24.69,25.54,NA,NA,26.24,25.77,25.79,25.45,25.45,26,26.32,25.74,26.23,26.21,26.42,26.18,NA
21-Aug,26.01,NA,NA,NA,25.31,24.8,25.48,NA,NA,26.24,25.9,25.8,25.49,25.46,25.98,26.31,25.8,26.16,26.28,26.47,26.26,NA
22-Aug,26,NA,NA,NA,25.49,24.79,25.38,NA,NA,26.25,25.9,25.8,25.63,25.44,26.13,26.4,25.77,26.14,26.36,26.43,26.28,NA
23-Aug,26.01,NA,NA,NA,25.36,24.82,25.28,NA,NA,26.33,26.07,25.83,25.67,25.16,26.06,26.46,25.76,26.35,26.34,26.35,26.29,NA
24-Aug,26.06,NA,NA,NA,25.18,24.78,25.17,NA,NA,26.5,26.09,25.76,25.69,25.12,26.12,26.47,25.87,26.33,26.1,26.53,26.3,NA
25-Aug,26.05,NA,NA,NA,25.07,24.89,25.15,NA,NA,26.47,25.96,25.58,25.72,25.19,26.07,26.57,25.98,26.39,26.04,26.4,26.38,NA
26-Aug,25.84,NA,NA,NA,24.88,25.05,25.34,NA,NA,26.51,25.93,25.48,25.61,25.17,25.98,26.24,26.04,26.27,26,26.21,26.62,NA
27-Aug,25.96,26.38541667,NA,NA,24.47,25.01,25.29,NA,NA,26.67,26.01,25.64,25.6,25.24,25.9,26.18,25.85,26.26,26,25.94,26.73,NA
28-Aug,25.92,26.24291667,NA,NA,24.47,24.93,25.27,NA,NA,26.64,25.99,25.77,25.69,25.33,25.9,26.24,25.96,26.23,25.97,25.73,26.54,NA
29-Aug,25.87,26.14541667,NA,NA,24.5,24.89,25.29,NA,NA,26.63,26.07,25.78,25.88,25.48,25.96,26.29,25.96,26.07,26.01,25.68,26.47,NA
30-Aug,25.88,26.15395833,NA,NA,24.6,24.9,25.39,NA,NA,26.39,26.19,25.77,26.03,25.55,26.03,26.22,25.98,25.95,25.97,25.6,26.27,NA
31-Aug,25.99,26.28854167,NA,NA,24.63,25,25.57,NA,NA,26.27,26.3,25.78,25.77,25.76,26.07,26.15,25.97,25.93,26.03,25.71,26.03,NA
1-Sep,26.05,26.40604167,NA,NA,24.72,25.02,25.52,NA,NA,25.97,26.35,25.79,25.77,25.71,26.18,26.15,26.21,25.72,26.08,25.61,25.87,NA
2-Sep,26.11,26.48875,NA,NA,24.76,25.09,25.53,NA,NA,25.59,26.54,25.75,25.83,25.63,26.2,26.08,26.2,25.66,26.08,25.68,26,NA
3-Sep,25.99,26.564375,NA,NA,24.87,24.85,25.46,NA,NA,25.78,26.58,25.85,25.78,25.47,26.26,26.12,26.2,25.65,25.97,25.67,26.11,NA
4-Sep,25.85,26.52416667,NA,NA,24.85,24.74,25.53,NA,NA,25.9,26.6,25.77,25.86,25.59,26.38,26.08,25.92,25.54,26.08,25.82,26.23,NA
5-Sep,25.98,26.46625,NA,NA,24.94,24.68,25.41,NA,NA,25.92,26.65,25.94,25.93,25.61,26.41,26.1,26.45,25.58,26.18,26,26.18,NA
6-Sep,26.06,26.40958333,NA,NA,24.98,24.75,25.29,NA,NA,25.95,26.58,25.9,26.03,25.58,26.25,26.11,27.24,25.72,26.17,25.99,26.19,NA
7-Sep,26.11,26.44145833,NA,NA,24.94,24.84,25.33,NA,NA,25.84,26.53,25.93,26.12,25.64,26.15,26.13,26.85,25.95,26.03,26.07,26.18,NA
8-Sep,26.18,26.49479167,NA,NA,24.84,24.89,25.31,NA,NA,25.74,26.54,26.05,26.24,25.62,26,26.2,26.03,25.95,26.02,26.21,26.21,NA
9-Sep,26.2,26.59020833,NA,NA,24.89,24.95,24.85,NA,NA,25.77,26.42,26.13,26.23,25.71,26.09,26.07,25.86,25.85,25.97,26.34,26.39,NA
10-Sep,26.21,26.63520833,NA,NA,24.92,24.95,24.39,NA,NA,25.83,26.44,26.1,26.18,25.68,26.08,26.07,25.97,25.83,26.06,26.5,26.44,NA
11-Sep,26.2,26.58625,NA,NA,24.95,24.96,24.4,NA,NA,26,26.42,26.04,25.97,25.71,26.05,26.02,25.96,25.85,26.12,26.55,26.41,NA
12-Sep,26.24,26.52520833,NA,NA,25,25.03,24.48,NA,NA,26.01,26.39,25.94,25.82,25.74,26.07,26.05,25.83,25.81,26.23,26.51,26.58,NA
13-Sep,26.04,26.528125,NA,NA,25.01,24.97,24.45,NA,NA,26.23,26.37,26.05,25.88,25.73,26.02,25.95,25.85,25.9,26.34,26.47,26.66,NA
14-Sep,26.03,26.42729167,NA,NA,24.98,24.91,24.53,NA,NA,26.38,26.41,25.95,25.99,25.84,26.24,25.93,25.84,25.73,26.09,26.42,26.72,NA
15-Sep,26.07,26.424375,NA,NA,24.94,24.73,24.57,NA,NA,26.36,26.42,25.83,26.04,25.8,26.28,25.95,25.9,25.61,25.94,26.42,26.7,NA
16-Sep,26.13,26.36770833,NA,NA,24.96,24.67,24.53,NA,NA,26.32,26.55,25.82,26.05,25.81,26.31,26.02,25.9,25.75,26.18,26.43,26.65,NA
17-Sep,26.22,26.49291667,NA,NA,25.1,24.68,24.54,NA,NA,26.38,26.5,25.91,26.14,25.7,26.4,26.09,26.01,25.9,26.3,26.49,26.67,NA
18-Sep,26.33,26.615625,NA,NA,25.21,24.65,24.58,NA,NA,26.34,26.63,25.95,26.15,25.59,26.43,26.17,26.05,25.9,26.34,26.45,26.69,NA
19-Sep,26.37,26.6275,NA,NA,25.37,24.66,24.59,NA,NA,26.46,26.61,26.15,26.18,25.49,26.31,26.18,26.16,25.97,26.37,26.43,26.75,NA
20-Sep,26.38,26.50604167,NA,NA,25.41,NA,24.75,NA,NA,26.42,26.57,26.37,26.25,25.45,26.31,25.81,26.31,26.06,26.34,26.65,26.59,NA
21-Sep,26.49,26.44458333,NA,NA,25.6,NA,24.73,NA,NA,26.46,26.65,26.44,26.38,25.48,26.41,26.01,26.43,26.16,26.39,27.1,26.31,NA
22-Sep,26.47,26.37270833,NA,NA,25.48,NA,24.73,NA,NA,26.5,26.36,26.62,26.43,25.45,26.4,26.19,26.54,26.21,26.48,26.97,26.24,NA
23-Sep,26.59,26.401875,NA,NA,25.47,NA,24.82,NA,NA,26.3,26.31,26.68,26.46,25.41,26.35,26.42,26.52,26.23,26.37,27.43,26.26,NA
24-Sep,26.58,26.34791667,NA,NA,25.39,NA,24.85,NA,NA,26.36,26.29,26.81,26.43,25.56,26.43,26.43,26.42,26.36,26.27,27.01,26.28,NA
25-Sep,26.58,26.366875,NA,NA,25.48,NA,24.99,NA,NA,26.4,26.53,26.71,26.46,25.64,26.41,26.26,26.15,26.28,26.21,26.71,26.41,NA
26-Sep,26.63,26.34354167,NA,NA,25.44,NA,25.13,NA,NA,26.39,26.41,26.7,26.6,25.67,26.35,26.03,25.95,26.24,26.2,26.71,26.7,NA
27-Sep,26.61,26.49625,NA,NA,25.59,NA,25.1,NA,NA,26.37,26.47,26.65,26.52,25.71,26.51,25.97,25.85,26.39,26.25,26.75,26.82,NA
28-Sep,26.65,26.635,NA,NA,25.65,NA,25.15,NA,NA,26.4,26.6,26.04,26.49,25.77,26.63,26.01,26.01,26.58,26.4,26.61,26.75,NA
29-Sep,26.66,26.696875,NA,NA,25.58,NA,25.22,NA,NA,26.43,26.55,26.12,26.32,25.71,26.61,25.95,26.07,26.62,26.49,26.57,26.43,NA
30-Sep,26.68,26.71479167,NA,NA,25.4,NA,25.28,NA,NA,26.38,26.59,26.32,26.13,25.65,26.49,26.08,26.25,26.55,26.58,26.65,26.5,NA
1-Oct,26.69,26.78125,NA,NA,25.07,NA,25.43,NA,NA,26.44,26.62,26.44,NA,25.73,26.49,26.23,26.29,26.7,26.51,26.73,26.56,NA
2-Oct,26.62,26.78833333,NA,NA,25.04,NA,25.36,NA,NA,26.41,26.53,26.71,NA,25.79,26.4,26.33,26.14,26.79,26.58,26.57,26.67,NA
3-Oct,26.61,26.70625,NA,NA,25.04,NA,25.34,NA,NA,26.46,26.78,26.9,27.39,25.81,26.49,26.38,26.27,26.91,26.72,26.51,26.69,NA
4-Oct,26.56,26.76583333,NA,NA,25.29,NA,25.46,NA,NA,26.46,26.91,26.96,27.08,25.74,26.5,26.42,26.27,26.67,26.77,26.52,26.81,NA
5-Oct,26.51,26.97708333,NA,NA,25.46,NA,25.51,NA,NA,26.4,26.82,27.03,26.22,25.66,26.45,26.43,26.38,26.36,26.88,26.48,26.83,NA
6-Oct,26.35,27.14125,NA,NA,25.45,NA,25.53,NA,NA,26.27,26.9,27.14,26.41,25.64,26.73,26.6,26.51,26.34,26.93,26.55,26.93,NA
7-Oct,26.41,27.18083333,NA,NA,25.56,NA,25.51,NA,NA,26.39,27.02,27.09,26.5,25.71,26.56,26.6,26.51,26.35,26.9,26.68,26.96,NA
8-Oct,26.52,27.20958333,NA,NA,25.53,NA,25.55,NA,NA,26.52,27.14,27.26,26.38,25.94,26.54,26.45,26.64,26.4,27.04,26.54,27,NA
9-Oct,26.59,27.09875,NA,NA,25.63,NA,25.36,NA,NA,26.64,27.04,27.19,26.34,26.11,26.54,26.53,26.72,26.41,27.02,26.34,27.05,NA
10-Oct,26.65,27.060625,NA,NA,25.66,NA,25.37,NA,NA,26.72,27.06,27.16,26.02,26.11,26.56,26.69,26.95,26.4,26.86,26.16,27.14,NA
11-Oct,26.74,27.01770833,NA,NA,25.68,NA,25.43,NA,NA,26.63,27.11,27.07,26.21,26.23,26.45,26.64,26.73,26.44,26.76,26.54,27.31,NA
12-Oct,26.77,26.93645833,NA,NA,25.76,NA,25.49,NA,NA,26.76,27.11,27.22,26.31,26.23,26.21,26.54,26.8,26.64,26.81,26.06,27.39,NA
13-Oct,26.79,26.940625,NA,NA,25.79,NA,25.52,NA,NA,26.79,27.13,27.4,26.37,26.47,26.19,26.43,26.92,26.72,26.92,25.71,27.49,NA
14-Oct,26.78,27.00979167,NA,NA,25.88,NA,25.51,NA,NA,26.69,27.19,27.47,26.4,26.33,26.38,26.25,26.97,26.7,26.91,25.51,27.29,NA
15-Oct,26.67,27.134375,NA,NA,25.93,NA,25.43,NA,NA,26.43,27.34,27.45,26.55,26.58,26.48,26.2,26.96,26.63,26.84,25.57,26.87,NA
16-Oct,26.66,27.04729167,NA,NA,26,NA,25.51,NA,NA,26.42,27.27,27.52,26.48,26.54,26.65,26.18,26.94,27,26.82,25.76,26.59,NA
17-Oct,26.62,26.9175,NA,NA,26.02,NA,25.87,NA,NA,26.33,27.51,27.51,26.59,26.35,26.74,26.25,27.19,27.05,26.91,25.93,26.69,NA
18-Oct,26.38,26.95541667,NA,NA,26.05,NA,26.19,NA,NA,26.59,27.22,27.53,26.57,26.03,26.64,26.65,27.23,27.12,27,26.03,26.66,NA
19-Oct,26.36,26.869375,NA,NA,25.95,NA,26.1,NA,NA,26.68,26.9,27.66,26.77,26.05,26.67,26.6,27.33,27.11,27.16,26.11,26.73,NA
20-Oct,26.25,26.81645833,NA,NA,25.97,NA,25.92,NA,NA,26.75,26.73,27.75,26.82,26.16,27.02,26.51,27.39,26.96,27.37,26.03,26.9,NA
21-Oct,26.5,26.85916667,NA,NA,25.92,NA,25.5,NA,NA,26.87,26.65,27.83,26.79,26.22,27.14,26.41,27.29,26.75,27.4,26.16,27.04,NA
22-Oct,26.54,26.96729167,NA,NA,26.01,NA,25.39,NA,NA,26.83,26.81,27.84,26.88,26.26,27.22,26.76,27.17,26.27,27.54,26.2,27,NA
23-Oct,26.6,26.92875,NA,NA,26.18,NA,25.15,NA,NA,26.88,26.79,28.42,27.02,26.43,27.03,26.93,27.32,26.28,27.48,26.32,27.16,NA
24-Oct,26.8,26.95083333,NA,NA,26.27,NA,25.17,NA,NA,27.02,26.99,28.22,26.97,26.57,27.38,27.23,27.27,26.12,27.45,26.4,27.39,NA
25-Oct,26.85,27.049375,NA,NA,26.24,NA,25.12,NA,NA,27.36,27.15,28.08,26.91,26.69,27.42,27.01,27.11,26.3,27.28,26.49,27.32,NA
26-Oct,26.79,27.05666667,NA,NA,26.39,NA,25.24,NA,NA,27.28,27.22,27.9,26.98,26.69,27.39,26.95,26.84,26.75,27.19,26.66,27.16,NA
27-Oct,26.7,27.320625,NA,NA,26.46,NA,25.33,NA,NA,27.37,27.29,27.25,27.05,26.81,27.43,26.92,26.99,27.02,27.15,26.72,27.24,NA
28-Oct,26.72,27.41,NA,NA,26.47,NA,25.41,NA,NA,27.26,27.39,27.43,26.99,27,27.57,26.92,27.22,26.95,27.19,26.78,27.37,NA
29-Oct,26.8,27.141875,NA,NA,26.5,NA,25.56,NA,NA,27.43,27.33,27.44,27.16,27.27,27.47,26.77,27.34,26.95,27.23,27.09,27.53,NA
30-Oct,26.77,27.47791667,NA,NA,26.33,NA,25.48,NA,NA,27.33,27.18,27.67,27.2,27.45,27.32,26.6,27.37,27.08,27.33,27.01,27.64,NA
31-Oct,26.87,27.47,NA,NA,26.22,NA,25.61,NA,NA,27.23,27.04,27.68,27.15,27.48,27.31,26.48,27.42,27.05,27.4,27.01,27.73,NA
1-Nov,26.97,27.551875,NA,NA,26.2,NA,25.77,NA,NA,27.16,27.13,27.8,26.95,27.49,27.32,26.51,27.41,26.74,27.38,27.23,27.68,NA
2-Nov,27.06,27.34104167,NA,NA,26.02,NA,25.81,NA,NA,27.1,27.1,27.9,27.01,27.51,27.06,26.57,27.44,26.64,27.41,27.12,27.54,NA
3-Nov,26.88,27.33395833,NA,NA,26.09,NA,25.94,NA,NA,27.01,27.23,27.83,27.11,27.56,27.12,26.41,27.52,26.84,27.66,27.04,27.49,NA
4-Nov,27.01,27.73895833,NA,NA,26.26,NA,26.1,NA,NA,27.08,27.44,28.32,27.22,27.5,27.01,26.15,27.59,26.92,27.83,27.02,27.45,NA
5-Nov,27.29,27.76229167,NA,NA,26.36,NA,26.31,NA,NA,26.97,27.55,27.95,27.43,27.32,27.35,26.28,27.66,26.97,27.89,26.79,27.61,NA
6-Nov,27.43,27.58979167,NA,NA,26.32,NA,26.68,NA,27,27,27.48,27.67,27.43,27.31,27.41,26.52,27.82,27.13,27.64,26.92,27.59,NA
7-Nov,27.4,27.76625,NA,NA,26.53,NA,26.61,NA,26.6,27.14,27.46,27.7,27.52,27.35,27.56,26.89,27.66,27.28,27.3,27.08,27.49,NA
8-Nov,27.32,27.83166667,NA,NA,26.68,NA,26.36,NA,26.5,27.34,27.21,27.66,27.9,27.45,27.47,27.25,27.75,27.38,27.33,27.18,27.45,NA
9-Nov,27.37,27.60791667,NA,NA,26.64,NA,26.47,NA,26.6,27.51,27.42,27.86,27.9,27.64,27.46,27.16,27.72,27.42,27.38,27.42,27.43,NA
10-Nov,27.44,27.45083333,NA,NA,26.68,NA,26.49,NA,26.6,27.42,27.58,27.66,27.83,27.84,27.39,27.14,27.7,27.34,27.41,27.52,27.71,NA
11-Nov,27.53,27.49208333,NA,NA,26.82,NA,26.52,NA,26.7,27.1,27.43,27.6,28.08,28,27.43,27.36,28.09,27.29,27.39,27.54,27.81,NA
12-Nov,27.61,27.611875,NA,NA,26.93,NA,26.39,NA,26.8,27.28,27.34,27.82,28.01,28.04,27.46,27.6,27.84,27.51,27.57,27.37,27.72,NA
13-Nov,27.63,27.43604167,NA,NA,27.01,NA,26.35,NA,27,27.4,26.94,28,27.82,28.04,27.43,27.91,27.66,27.48,27.59,27.46,27.65,NA
14-Nov,27.69,27.319375,NA,NA,27.09,NA,26.45,NA,26.8,27.88,26.79,28.35,27.38,27.88,27.39,27.98,27.86,27.56,27.63,27.68,27.75,NA
15-Nov,27.54,27.211875,NA,NA,27.06,NA,26.84,NA,26.8,28.01,26.82,28.36,27.73,27.87,27.44,27.98,28.04,27.67,27.52,27.83,27.97,NA
16-Nov,27.59,27.289375,NA,NA,27.37,NA,26.64,NA,26.7,27.96,27.03,28.61,28.39,27.73,27.51,27.98,28.14,27.44,27.34,28.04,28.16,NA
17-Nov,27.61,27.466875,NA,NA,27.37,NA,26.5,NA,26.7,27.65,27.27,28.56,27.78,27.66,27.74,27.78,28.14,27.5,27.38,28,28.45,NA
18-Nov,27.68,27.393125,NA,NA,27.34,NA,26.1,NA,26.8,27.42,27.48,28.71,27.57,27.56,27.5,27.78,28.33,27.54,27.22,28.11,28.68,NA
19-Nov,27.69,27.45895833,NA,NA,27.39,NA,NA,NA,26.7,27.41,27.59,28.8,27.42,27.5,27.56,27.85,28.36,27.54,27.4,28.01,28.89,NA
20-Nov,27.62,27.44833333,NA,NA,27.48,NA,NA,NA,26.5,27.46,27.54,29.12,27.36,27.8,27.69,28,28.5,27.68,27.91,27.97,28.81,NA
21-Nov,27.79,27.46208333,NA,NA,27.86,NA,NA,NA,26.5,27.39,27.36,29.28,27.45,27.78,27.89,28.16,28.6,27.64,27.91,28.12,28.8,NA
22-Nov,27.85,27.575,NA,NA,28.2,NA,NA,NA,26.6,27.43,27.52,29.38,27.43,27.6,28,28.15,28.48,27.81,28.1,28.24,28.99,NA
23-Nov,27.78,27.71375,NA,NA,28.15,NA,NA,NA,26.6,27.66,27.79,29.48,27.5,27.48,28.01,28.18,28.49,27.82,27.98,28.03,28.86,NA
24-Nov,28.34,27.5,NA,NA,27.9,NA,NA,NA,26.9,28.02,27.95,29.48,27.66,27.58,27.92,28.2,28.46,27.84,27.93,28.2,28.95,NA
25-Nov,28.66,27.40625,27,NA,27.94,NA,NA,NA,27.1,28.13,28.13,29.28,27.89,27.61,27.85,28.15,28.36,27.84,27.66,28.35,29.11,NA
26-Nov,28.98,27.54875,27.15881944,NA,27.9,NA,NA,NA,27.4,28.06,28.53,29.14,28.18,27.55,27.69,27.99,28.28,27.93,27.55,28.28,28.88,NA
27-Nov,28.98,27.59375,27.15875,NA,27.97,NA,NA,27.4,27.6,28.19,28.68,29.3,28.67,27.71,27.81,28.23,28.32,28.13,27.41,28.24,28.56,NA
28-Nov,28.82,27.80666667,27.24,NA,28.14,NA,NA,27.33,27.7,28.24,28.66,29.11,28.82,27.72,27.75,28.24,28.38,28.47,27.33,28.22,28.46,NA
29-Nov,28.44,28.06916667,27.30125,NA,28.19,NA,NA,27.1,27.4,28.16,28.64,28.82,28.98,28.12,27.68,28.09,28.36,28.68,27.49,28.26,28.51,NA
30-Nov,27.81,28.08895833,27.3075,NA,28.42,NA,NA,27,27.2,28.04,28.63,28.79,29.13,28.21,27.48,28.06,28.33,28.63,27.44,28.5,28.51,NA
1-Dec,27.49,28.13854167,27.35625,NA,28.33,NA,NA,26.82,27.2,27.73,28.69,29.09,29.23,28.16,27.79,27.96,28.26,28.6,27.92,28.62,28.46,NA
2-Dec,27.46,28.249375,27.5125,NA,28.27,NA,NA,26.77,27.1,27.96,28.98,29.11,29.1,27.92,28.09,28.1,28.16,28.6,27.97,28.58,28.71,NA
3-Dec,27.6,28.339375,27.66125,NA,28.17,NA,NA,26.77,27.4,28.44,28.91,28.92,29.21,28.15,28.4,28.46,28.2,28.72,27.79,28.51,28.78,NA
4-Dec,27.55,28.49416667,27.6125,NA,28.23,NA,NA,26.8,27.6,28.82,28.41,28.78,29.24,28.12,28.63,28.41,28.38,28.84,27.87,28.28,28.75,NA
5-Dec,27.66,28.59291667,27.66,NA,28.21,NA,NA,26.67,28,28.95,27.84,28.84,29.39,28.08,28.76,28.34,28.55,28.88,28.06,28.25,28.77,NA
6-Dec,27.47,28.68041667,27.77375,NA,28.18,NA,NA,26.72,28.2,29.2,27.89,29.07,29.35,27.93,28.67,28.63,28.58,28.71,28.09,28.29,28.67,NA
7-Dec,27.45,28.71041667,28.02715278,NA,28.44,NA,NA,26.65,28.4,29.14,28.06,29.31,29.25,28.32,28.37,28.62,28.7,28.71,28,28.41,28.71,NA
8-Dec,27.75,28.864375,27.875,NA,28.53,NA,NA,26.95,28.4,29.1,28.14,29.35,29.24,28.63,28.38,28.82,28.6,28.79,28.17,28.27,28.73,NA
9-Dec,28.07,28.905625,27.87375,NA,28.42,NA,NA,27.09,28.4,29.13,28.1,29.17,28.85,28.62,28.32,28.88,28.67,28.89,28.37,28.39,28.53,NA
10-Dec,28.15,28.75,27.86625,NA,28.46,NA,NA,27.11,28.6,29.14,28.34,29.03,28.88,28.71,28.32,28.97,28.74,28.87,28.74,28.32,28.53,NA
11-Dec,28.37,28.84104167,28.00930556,NA,28.35,NA,NA,26.93,28.6,29.22,28.73,29.16,28.55,28.75,28.51,29.15,28.7,28.74,28.87,28.34,28.59,NA
12-Dec,28.13,28.91958333,28.03548611,NA,28.35,NA,NA,26.71,28.5,29.18,28.96,29.25,28.7,28.84,28.41,29.14,28.64,29.12,28.78,28.45,28.59,NA
13-Dec,27.97,28.975,27.885,NA,28.46,NA,NA,27.05,28.6,29.12,28.83,29.39,28.92,28.56,28.4,29.01,28.81,29.08,28.86,28.63,28.59,NA
14-Dec,28.11,29.27979167,28.03125,NA,28.51,NA,NA,27.33,28.5,29.31,28.81,29.38,29,28.6,28.64,29.1,28.87,29.12,28.99,28.51,28.62,NA
15-Dec,28.04,29.284375,28.20875,NA,28.77,NA,NA,27.44,28.3,29.24,28.9,29.32,28.85,28.77,28.92,29.03,28.84,29.05,28.78,28.73,28.72,NA
16-Dec,27.98,29.303125,28.21625,NA,28.92,NA,NA,27.35,28.3,29.02,28.98,29.38,28.54,28.76,29.04,28.83,28.87,29.29,29,28.79,28.78,NA
17-Dec,27.97,29.29625,28.2775,NA,28.91,NA,28.96,27.39,28.4,29.05,29,29.32,28.93,28.69,29.08,28.82,29.01,29.52,29.18,29.02,28.79,NA
18-Dec,28.21,29.236875,28.45256944,NA,28.83,NA,28.98,27.63,28.4,29.01,28.9,29.36,28.61,28.7,29.08,28.95,29.04,29.48,29.23,29.03,28.63,NA
19-Dec,28.58,29.2075,28.37534722,NA,28.64,NA,28.95,27.45,28.4,29.12,29.08,29.15,28.38,28.62,29.37,28.92,29.06,29.27,29.29,29.01,28.64,NA
20-Dec,28.61,29.13604167,28.16375,NA,28.6,NA,28.96,27.38,28.4,29.05,28.87,29.02,28.6,28.54,29.35,29.03,29.06,29.21,29.36,29.16,28.68,NA
21-Dec,28.52,29.33020833,27.91125,NA,28.62,NA,28.66,27.69,28.3,29.04,28.73,28.95,29.03,28.52,29.19,29.06,28.95,29.22,29.3,29.01,28.5,NA
22-Dec,28.77,29.34145833,28.00125,NA,28.56,NA,28.32,27.92,28.4,28.89,28.79,28.9,29.05,28.55,28.9,29.19,29.05,29.01,29.21,29.2,28.53,NA
23-Dec,28.97,29.39604167,27.69,NA,28.53,NA,28.25,27.9,28.3,28.81,28.86,28.87,28.97,28.7,28.97,29.25,29.13,29.25,29.12,29.3,28.5,NA
24-Dec,29.06,29.4625,27.83409722,NA,28.58,NA,28.19,27.92,28.3,28.7,28.86,28.79,28.66,28.68,29.22,29.2,29.06,29.19,28.8,29.25,28.46,NA
25-Dec,29.01,29.4025,27.90125,NA,28.57,NA,28.07,28,28.5,28.61,28.91,28.83,28.65,28.64,28.82,29.07,29.01,29.24,28.79,29.22,28.51,NA
26-Dec,29.61,29.43729167,28.13673611,NA,28.42,NA,28.26,28.01,28.5,28.75,28.94,28.78,29.05,28.73,28.78,29.19,28.87,29.12,28.74,29.12,28.63,NA
27-Dec,29.38,29.329375,27.9225,NA,28.44,NA,28.23,27.94,28.6,28.82,28.79,28.74,29.38,28.65,28.78,29.22,28.89,29.18,28.85,29.1,28.64,NA
28-Dec,29.38,29.33479167,28.15875,NA,28.4,NA,28.19,27.91,28.5,28.63,28.6,28.77,29.32,28.82,28.85,29.23,28.66,29.1,28.71,28.67,28.64,NA
29-Dec,29.47,29.33083333,28.31493056,NA,28.34,NA,28.21,27.79,28.4,28.3,28.31,28.83,29.34,29.04,28.7,29.24,28.7,29.16,28.87,28.73,28.62,NA
30-Dec,29.62,29.04,28.22125,NA,28.32,NA,28.23,27.36,28.4,28.23,28.3,28.89,29.6,28.92,28.92,29.17,28.83,29.05,28.96,28.97,28.63,NA
31-Dec,29.84,29.09,28.15652778,NA,NA,NA,28.23,27.02,28.3,28.15,28.33,28.82,29.68,28.78,29.04,29.22,28.74,29.01,28.9,29.17,28.6,NA
